{
    "metadata": {
        "api_version": "1.3",
        "last_updated": "2023-01-20"
    },
    "data": {
        "company": {
            "cin": "U72200KA2XXXXXX",
            "legal_name": "TEST PRIVATE LIMITED",
            "efiling_status": "Active",
            "incorporation_date": "2014-09-03",
            "paid_up_capital": 1179.76,
            "sum_of_charges": 0,
            "authorized_capital": 2000000,
            "active_compliance": "ACTIVE compliant",
            "cirp_status": null,
            "lei": {
                "number": null,
                "status": null,
                "registration_date": null,
                "last_updated_date": null,
                "next_renewal_date": null
            },
            "registered_address": {
                "full_address": "Sector 1 Bengaluru Bangalore KA 560102 IN",
                "address_line1": " ",
                "address_line2": "Sector 1",
                "city": "BENGALURU",
                "pincode": "560102",
                "state": "KARNATAKA"
            },
            "business_address": {
                "address_line1": "27th Main Road,",
                "address_line2": "Sector 1, ",
                "city": "Bengaluru",
                "pincode": 560102,
                "state": "Karnataka"
            },
            "pan": "xx",
            "website": null,
            "classification": "Private Limited Indian Non-Government Company",
            "status": "Unlisted",
            "next_cin": null,
            "last_agm_date": "2022-09-30",
            "last_filing_date": "2022-03-31",
            "email": "XX@XX.xx"
        },
        "description": {
            "desc_thousand_char": "XX Private Limited (GWSPL), as per annual reports, is engaged in the business of providing technological solutions to various businesses or projects. \n\n\n The company was incorporated in 2014 and has its registered office located in Bengaluru, Karnataka."
        },
        "name_history": [],
        "authorized_signatories": [
            {
                "pan": "AOUPP0734Q",
                "din": "06913291",
                "name": "PETERSANTHOSHKUMAR",
                "designation": "Director",
                "din_status": "Deactivated due to non-filing of DIR-3 KYC",
                "gender": "Male",
                "date_of_birth": "1981-08-12",
                "age": 42,
                "date_of_appointment": "2014-09-03",
                "date_of_appointment_for_current_designation": "2014-09-03",
                "date_of_cessation": "2019-01-04",
                "nationality": "IN",
                "dsc_status": "EXPIRED",
                "dsc_expiry_date": "2016-06-26",
                "father_name": "CHARLIE",
                "address": {
                    "address_line1": "NO.15, M S VISWANATHAN NAGAR, KARAYANCHAVADI,",
                    "address_line2": null,
                    "city": "CHENNAI",
                    "state": "Tamil Nadu",
                    "pincode": "600056",
                    "country": "India"
                },
                "association_history": [
                    {
                        "event": "Cessation",
                        "designation_after_event": null,
                        "event_date": "2019-01-04",
                        "filing_date": "2019-01-12"
                    },
                    {
                        "event": "Appointment",
                        "designation_after_event": "Director",
                        "event_date": "2014-09-03",
                        "filing_date": "2014-08-26"
                    }
                ]
            },
            {
                "pan": "xxxx",
                "din": "06913293",
                "name": "XX THANIKACHALAM",
                "designation": "Director",
                "din_status": "Approved",
                "gender": "Male",
                "date_of_birth": "1980-11-11",
                "age": 43,
                "date_of_appointment": "2014-09-03",
                "date_of_appointment_for_current_designation": "2014-09-03",
                "date_of_cessation": null,
                "nationality": "IN",
                "dsc_status": "REGISTERED",
                "dsc_expiry_date": "2024-11-08",
                "father_name": "THANIKACHALAM GOVINDA SAMY",
                "address": {
                    "address_line1": "E604,SJR EQUINOX VELANKANI DRIVE,OPP TO VELANKANI TECHPARK, ELECTRONIC CITY PHASE 1,DODDATHOGURU,ELECTRONIC CI",
                    "address_line2": null,
                    "city": "BANGALORE",
                    "state": "Karnataka",
                    "pincode": "560100",
                    "country": "India"
                },
                "association_history": []
            },
            {
                "pan": "wweewe",
                "din": "00669716",
                "name": "DHEEPAK RAJOO",
                "designation": "Director",
                "din_status": "Approved",
                "gender": "Male",
                "date_of_birth": "1979-11-27",
                "age": 44,
                "date_of_appointment": "2019-01-04",
                "date_of_appointment_for_current_designation": "2019-01-04",
                "date_of_cessation": null,
                "nationality": "IN",
                "dsc_status": "EXPIRED",
                "dsc_expiry_date": "2021-01-09",
                "father_name": "RAJOO RAMANATHAN VADAKKANCHERI",
                "address": {
                    "address_line1": "No.307, D S R Pride, 24th Main, sector -2, , Parangipalya,",
                    "address_line2": null,
                    "city": "BANGALORE",
                    "state": "Karnataka",
                    "pincode": "560102",
                    "country": "India"
                },
                "association_history": []
            }
        ],
        "director_network": [
            {
                "name": "PETERSANTHOSHKUMAR",
                "pan": "xxx",
                "din": "06913291",
                "network": {
                    "companies": [
                        {
                            "cin": "xx",
                            "legal_name": "XX PRIVATE LIMITED",
                            "company_status": "ACTIVE",
                            "incorporation_date": "2014-09-03",
                            "paid_up_capital": 1179.76,
                            "sum_of_charges": 0,
                            "city": "BENGALURU",
                            "active_compliance": "ACTIVE compliant",
                            "cirp_status": null,
                            "designation": "Director",
                            "date_of_appointment": "2014-09-03",
                            "date_of_appointment_for_current_designation": "2014-09-03",
                            "date_of_cessation": "2019-01-04"
                        }
                    ],
                    "llps": []
                }
            },
            {
                "name": "XX THANIKACHALAM",
                "pan": "werwe",
                "din": "06913293",
                "network": {
                    "companies": [
                        {
                            "cin": "s",
                            "legal_name": "XX PRIVATE LIMITED",
                            "company_status": "ACTIVE",
                            "incorporation_date": "2014-09-03",
                            "paid_up_capital": 1179.76,
                            "sum_of_charges": 0,
                            "city": "BENGALURU",
                            "active_compliance": "ACTIVE compliant",
                            "cirp_status": null,
                            "designation": "Director",
                            "date_of_appointment": "2014-09-03",
                            "date_of_appointment_for_current_designation": "2014-09-03",
                            "date_of_cessation": null
                        },
                        {
                            "cin": "ddd",
                            "legal_name": "GROWTH AND DEVELOPMENT SUPPORT FOR ENTERPRISES FOUNDATION",
                            "company_status": "ACTIVE",
                            "incorporation_date": "2020-08-04",
                            "paid_up_capital": 10000,
                            "sum_of_charges": 0,
                            "city": "BENGALURU",
                            "active_compliance": null,
                            "cirp_status": null,
                            "designation": "Director",
                            "date_of_appointment": "2020-08-04",
                            "date_of_appointment_for_current_designation": "2020-08-04",
                            "date_of_cessation": null
                        }
                    ],
                    "llps": []
                }
            },
            {
                "name": "DHEEPAK RAJOO",
                "pan": "werwe",
                "din": "00669716",
                "network": {
                    "companies": [
                        {
                            "cin": "xsss",
                            "legal_name": "XX PRIVATE LIMITED",
                            "company_status": "ACTIVE",
                            "incorporation_date": "2014-09-03",
                            "paid_up_capital": 1179.76,
                            "sum_of_charges": 0,
                            "city": "BENGALURU",
                            "active_compliance": "ACTIVE compliant",
                            "cirp_status": null,
                            "designation": "Director",
                            "date_of_appointment": "2019-01-04",
                            "date_of_appointment_for_current_designation": "2019-01-04",
                            "date_of_cessation": null
                        }
                    ],
                    "llps": []
                }
            }
        ],
        "contact_details": {
            "email": [
                {
                    "emailId": "XX@XX.xx",
                    "status": null
                }
            ],
            "phone": [
                {
                    "phoneNumber": "9986699280",
                    "status": null
                },
                {
                    "phoneNumber": "08088002288",
                    "status": null
                }
            ]
        },
        "open_charges": [],
        "open_charges_latest_event": [],
        "charge_sequence": [],
        "financials": [
            {
                "year": "2022-03-31",
                "nature": "STANDALONE",
                "stated_on": "2022-03-31",
                "filing_type": "E_FORM",
                "filing_standard": "Schedule III",
                "bs": {
                    "assets": {
                        "tangible_assets": 71440,
                        "producing_properties": null,
                        "intangible_assets": 1351310,
                        "preproducing_properties": null,
                        "tangible_assets_capital_work_in_progress": 0,
                        "intangible_assets_under_development": 0,
                        "noncurrent_investments": 674280,
                        "deferred_tax_assets_net": 0,
                        "foreign_curr_monetary_item_trans_diff_asset_account": null,
                        "long_term_loans_and_advances": 0,
                        "other_noncurrent_assets": 0,
                        "current_investments": 0,
                        "inventories": 0,
                        "trade_receivables": 517220,
                        "cash_and_bank_balances": 400330,
                        "short_term_loans_and_advances": 0,
                        "other_current_assets": 5170,
                        "given_assets_total": 3019750
                    },
                    "liabilities": {
                        "share_capital": 1179760,
                        "reserves_and_surplus": -1486960,
                        "money_received_against_share_warrants": 0,
                        "share_application_money_pending_allotment": 0,
                        "deferred_government_grants": null,
                        "minority_interest": null,
                        "long_term_borrowings": 0,
                        "deferred_tax_liabilities_net": 24810,
                        "foreign_curr_monetary_item_trans_diff_liability_account": null,
                        "other_long_term_liabilities": 0,
                        "long_term_provisions": 0,
                        "short_term_borrowings": 2560050,
                        "trade_payables": 245510,
                        "other_current_liabilities": 472150,
                        "short_term_provisions": 24430,
                        "given_liabilities_total": 3019750
                    },
                    "subTotals": {
                        "total_equity": -307200,
                        "total_non_current_liabilities": 24810,
                        "total_current_liabilities": 3302140,
                        "net_fixed_assets": 1422750,
                        "total_current_assets": 922720,
                        "capital_wip": 0,
                        "total_debt": 2560050,
                        "total_other_non_current_assets": 674280
                    },
                    "metadata": {
                        "doc_id": "25/U72200KA2014PTC076178/mca/AnnualReturnsEform/a9d53ff78be1eade8d105f583249e42fv1.pdf"
                    },
                    "notes": {
                        "gross_fixed_assets": 2463250,
                        "trade_receivable_exceeding_six_months": 0
                    }
                },
                "pnl": {
                    "lineItems": {
                        "net_revenue": 6717840,
                        "total_cost_of_materials_consumed": 3696010,
                        "total_purchases_of_stock_in_trade": 0,
                        "total_changes_in_inventories_or_finished_goods": 0,
                        "total_employee_benefit_expense": 530470,
                        "total_other_expenses": 1891650,
                        "operating_profit": 599710,
                        "other_income": 14370,
                        "depreciation": 474270,
                        "profit_before_interest_and_tax": 139810,
                        "interest": 0,
                        "profit_before_tax_and_exceptional_items_before_tax": 139810,
                        "exceptional_items_before_tax": 0,
                        "profit_before_tax": 139810,
                        "income_tax": 48330,
                        "profit_for_period_from_continuing_operations": 91480,
                        "profit_from_discontinuing_operation_after_tax": 0,
                        "minority_interest_and_profit_from_associates_and_joint_ventures": null,
                        "profit_after_tax": 91480
                    },
                    "subTotals": {
                        "total_operating_cost": 6118130
                    },
                    "revenue_breakup": {
                        "sale_of_goods_manufactured_domestic": 0,
                        "sale_of_goods_traded_domestic": 0,
                        "sale_or_supply_of_services_domestic": 4254660,
                        "sale_of_goods_manufactured_export": 0,
                        "sale_of_goods_traded_export": 0,
                        "sale_or_supply_of_services_export": 2463180
                    },
                    "depreciation_breakup": {
                        "depreciation_and_amortization": 474270
                    },
                    "metadata": {
                        "docId": "25/U72200KA2014PTC076178/mca/AnnualReturnsEform/a9d53ff78be1eade8d105f583249e42fv1.pdf"
                    }
                },
                "auditor": {
                    "auditor_name": "RAVALA MADHUKAR REDDY",
                    "auditor_firm_name": "RAVALA & ASSOCIATES",
                    "pan": "werwe",
                    "membership_number": "238843",
                    "firm_registration_number": "019599S",
                    "address": "2-250-B/1 R.R.Residency, 1st Floor near LIC office.Kadri Road, Reddys colony Madanpalle AP IN 517325"
                },
                "auditor_comments": {
                    "report_has_adverse_remarks": false,
                    "disclosures_auditor_report": [],
                    "disclosures_director_report": []
                },
                "auditor_additional": null
            },
            {
                "year": "2021-03-31",
                "nature": "STANDALONE",
                "stated_on": "2022-03-31",
                "filing_type": "E_FORM",
                "filing_standard": "Schedule III",
                "bs": {
                    "assets": {
                        "tangible_assets": 6090,
                        "producing_properties": null,
                        "intangible_assets": 1801750,
                        "preproducing_properties": null,
                        "tangible_assets_capital_work_in_progress": 0,
                        "intangible_assets_under_development": 0,
                        "noncurrent_investments": 761700,
                        "deferred_tax_assets_net": 0,
                        "foreign_curr_monetary_item_trans_diff_asset_account": null,
                        "long_term_loans_and_advances": 0,
                        "other_noncurrent_assets": 0,
                        "current_investments": 0,
                        "inventories": 0,
                        "trade_receivables": 7910,
                        "cash_and_bank_balances": 311820,
                        "short_term_loans_and_advances": 0,
                        "other_current_assets": 1660,
                        "given_assets_total": 2890930
                    },
                    "liabilities": {
                        "share_capital": 1179760,
                        "reserves_and_surplus": -1578440,
                        "money_received_against_share_warrants": 0,
                        "share_application_money_pending_allotment": 0,
                        "deferred_government_grants": null,
                        "minority_interest": null,
                        "long_term_borrowings": 0,
                        "deferred_tax_liabilities_net": 910,
                        "foreign_curr_monetary_item_trans_diff_liability_account": null,
                        "other_long_term_liabilities": 0,
                        "long_term_provisions": 0,
                        "short_term_borrowings": 2562650,
                        "trade_payables": 253930,
                        "other_current_liabilities": 472120,
                        "short_term_provisions": 0,
                        "given_liabilities_total": 2890930
                    },
                    "subTotals": {
                        "total_equity": -398680,
                        "total_non_current_liabilities": 910,
                        "total_current_liabilities": 3288700,
                        "net_fixed_assets": 1807840,
                        "total_current_assets": 321390,
                        "capital_wip": 0,
                        "total_debt": 2562650,
                        "total_other_non_current_assets": 761700
                    },
                    "metadata": {
                        "doc_id": "25/U72200KA2014PTC076178/mca/AnnualReturnsEform/a9d53ff78be1eade8d105f583249e42fv1.pdf"
                    },
                    "notes": {
                        "gross_fixed_assets": 1807846,
                        "trade_receivable_exceeding_six_months": 3600
                    }
                },
                "pnl": {
                    "lineItems": {
                        "net_revenue": 4174720,
                        "total_cost_of_materials_consumed": 1973780,
                        "total_purchases_of_stock_in_trade": 0,
                        "total_changes_in_inventories_or_finished_goods": 0,
                        "total_employee_benefit_expense": 166440,
                        "total_other_expenses": 1952770,
                        "operating_profit": 81730,
                        "other_income": 15710,
                        "depreciation": 450440,
                        "profit_before_interest_and_tax": -353000,
                        "interest": 0,
                        "profit_before_tax_and_exceptional_items_before_tax": -353000,
                        "exceptional_items_before_tax": 0,
                        "profit_before_tax": -353000,
                        "income_tax": 2000,
                        "profit_for_period_from_continuing_operations": -355000,
                        "profit_from_discontinuing_operation_after_tax": 0,
                        "minority_interest_and_profit_from_associates_and_joint_ventures": null,
                        "profit_after_tax": -355000
                    },
                    "subTotals": {
                        "total_operating_cost": 4092990
                    },
                    "revenue_breakup": {
                        "sale_of_goods_manufactured_domestic": 0,
                        "sale_of_goods_traded_domestic": 0,
                        "sale_or_supply_of_services_domestic": 2088960,
                        "sale_of_goods_manufactured_export": 0,
                        "sale_of_goods_traded_export": 0,
                        "sale_or_supply_of_services_export": 2085760
                    },
                    "depreciation_breakup": {
                        "depreciation_and_amortization": 450440
                    },
                    "metadata": {
                        "docId": "25/U72200KA2014PTC076178/mca/AnnualReturnsEform/a9d53ff78be1eade8d105f583249e42fv1.pdf"
                    }
                },
                "auditor": {
                    "auditor_name": "CHIRANJEEVI KRISHNA REDDY",
                    "auditor_firm_name": "J C N & ASSOCIATES",
                    "pan": "AAKFJ2775R",
                    "membership_number": "232391",
                    "firm_registration_number": "014674S",
                    "address": "Lucky Paradise, 8th F Main, 22nd Cross, Jayanagar 3rd Block, Bengaluru, KA IN 560011"
                },
                "auditor_comments": {
                    "report_has_adverse_remarks": false,
                    "disclosures_auditor_report": [],
                    "disclosures_director_report": []
                },
                "auditor_additional": null
            },
            {
                "year": "2020-03-31",
                "nature": "STANDALONE",
                "stated_on": "2021-03-31",
                "filing_type": "E_FORM",
                "filing_standard": "Schedule III",
                "bs": {
                    "assets": {
                        "tangible_assets": 6094,
                        "producing_properties": null,
                        "intangible_assets": 0,
                        "preproducing_properties": null,
                        "tangible_assets_capital_work_in_progress": 0,
                        "intangible_assets_under_development": 2252190,
                        "noncurrent_investments": 0,
                        "deferred_tax_assets_net": 1085,
                        "foreign_curr_monetary_item_trans_diff_asset_account": null,
                        "long_term_loans_and_advances": 1000,
                        "other_noncurrent_assets": 568719,
                        "current_investments": 0,
                        "inventories": 0,
                        "trade_receivables": 15800,
                        "cash_and_bank_balances": 169879,
                        "short_term_loans_and_advances": 15355,
                        "other_current_assets": 0,
                        "given_assets_total": 3030122
                    },
                    "liabilities": {
                        "share_capital": 1169760,
                        "reserves_and_surplus": -1493769,
                        "money_received_against_share_warrants": 0,
                        "share_application_money_pending_allotment": 0,
                        "deferred_government_grants": null,
                        "minority_interest": null,
                        "long_term_borrowings": 0,
                        "deferred_tax_liabilities_net": 0,
                        "foreign_curr_monetary_item_trans_diff_liability_account": null,
                        "other_long_term_liabilities": 0,
                        "long_term_provisions": 0,
                        "short_term_borrowings": 2562645,
                        "trade_payables": 291428,
                        "other_current_liabilities": 500058,
                        "short_term_provisions": 0,
                        "given_liabilities_total": 3030122
                    },
                    "subTotals": {
                        "total_equity": -324009,
                        "total_non_current_liabilities": 0,
                        "total_current_liabilities": 3354131,
                        "net_fixed_assets": 6094,
                        "total_current_assets": 201034,
                        "capital_wip": 2252190,
                        "total_debt": 2562645,
                        "total_other_non_current_assets": 570804
                    },
                    "metadata": {
                        "doc_id": "25/U72200KA2014PTC076178/mca/AnnualReturnsEform/fa158d7df59e1476a3fead9d95a1ec48v1.pdf"
                    },
                    "notes": {
                        "gross_fixed_assets": 2374067,
                        "trade_receivable_exceeding_six_months": 0
                    }
                },
                "pnl": {
                    "lineItems": {
                        "net_revenue": 580042,
                        "total_cost_of_materials_consumed": 0,
                        "total_purchases_of_stock_in_trade": 0,
                        "total_changes_in_inventories_or_finished_goods": 0,
                        "total_employee_benefit_expense": 0,
                        "total_other_expenses": 625356,
                        "operating_profit": -45314,
                        "other_income": 0,
                        "depreciation": 0,
                        "profit_before_interest_and_tax": -45314,
                        "interest": 0,
                        "profit_before_tax_and_exceptional_items_before_tax": -45314,
                        "exceptional_items_before_tax": 0,
                        "profit_before_tax": -45314,
                        "income_tax": -746,
                        "profit_for_period_from_continuing_operations": -44568,
                        "profit_from_discontinuing_operation_after_tax": 0,
                        "minority_interest_and_profit_from_associates_and_joint_ventures": null,
                        "profit_after_tax": -44568
                    },
                    "subTotals": {
                        "total_operating_cost": 625356
                    },
                    "revenue_breakup": {
                        "sale_of_goods_manufactured_domestic": 0,
                        "sale_of_goods_traded_domestic": 0,
                        "sale_or_supply_of_services_domestic": 580042,
                        "sale_of_goods_manufactured_export": 0,
                        "sale_of_goods_traded_export": 0,
                        "sale_or_supply_of_services_export": 0
                    },
                    "depreciation_breakup": {
                        "depreciation_and_amortization": 0
                    },
                    "metadata": {
                        "docId": "25/U72200KA2014PTC076178/mca/AnnualReturnsEform/fa158d7df59e1476a3fead9d95a1ec48v1.pdf"
                    }
                },
                "auditor": {
                    "auditor_name": "CHIRANJEEVI KRISHNA REDDY",
                    "auditor_firm_name": "J C N & ASSOCIATES",
                    "pan": "AAKFJ2775R",
                    "membership_number": "232391",
                    "firm_registration_number": "014674S"
                },
                "auditor_comments": {
                    "report_has_adverse_remarks": false,
                    "disclosures_auditor_report": [],
                    "disclosures_director_report": []
                },
                "auditor_additional": null
            },
            {
                "year": "2019-03-31",
                "nature": "STANDALONE",
                "stated_on": "2020-03-31",
                "filing_type": "E_FORM",
                "filing_standard": "Schedule III",
                "bs": {
                    "assets": {
                        "tangible_assets": 6094,
                        "producing_properties": null,
                        "intangible_assets": 0,
                        "preproducing_properties": null,
                        "tangible_assets_capital_work_in_progress": 0,
                        "intangible_assets_under_development": 2252190,
                        "noncurrent_investments": 0,
                        "deferred_tax_assets_net": 340,
                        "foreign_curr_monetary_item_trans_diff_asset_account": null,
                        "long_term_loans_and_advances": 1000,
                        "other_noncurrent_assets": 495863,
                        "current_investments": 0,
                        "inventories": 0,
                        "trade_receivables": 85000,
                        "cash_and_bank_balances": 181787,
                        "short_term_loans_and_advances": 0,
                        "other_current_assets": 0,
                        "given_assets_total": 3022274
                    },
                    "liabilities": {
                        "share_capital": 1169760,
                        "reserves_and_surplus": -1449201,
                        "money_received_against_share_warrants": 0,
                        "share_application_money_pending_allotment": 0,
                        "deferred_government_grants": null,
                        "minority_interest": null,
                        "long_term_borrowings": 0,
                        "deferred_tax_liabilities_net": 0,
                        "foreign_curr_monetary_item_trans_diff_liability_account": null,
                        "other_long_term_liabilities": 0,
                        "long_term_provisions": 0,
                        "short_term_borrowings": 2618013,
                        "trade_payables": 285562,
                        "other_current_liabilities": 398140,
                        "short_term_provisions": 0,
                        "given_liabilities_total": 3022274
                    },
                    "subTotals": {
                        "total_equity": -279441,
                        "total_non_current_liabilities": 0,
                        "total_current_liabilities": 3301715,
                        "net_fixed_assets": 6094,
                        "total_current_assets": 266787,
                        "capital_wip": 2252190,
                        "total_debt": 2618013,
                        "total_other_non_current_assets": 497203
                    },
                    "metadata": {
                        "doc_id": null
                    },
                    "notes": {
                        "gross_fixed_assets": 2374067,
                        "trade_receivable_exceeding_six_months": 0
                    }
                },
                "pnl": {
                    "lineItems": {
                        "net_revenue": 285000,
                        "total_cost_of_materials_consumed": 0,
                        "total_purchases_of_stock_in_trade": 0,
                        "total_changes_in_inventories_or_finished_goods": 0,
                        "total_employee_benefit_expense": 0,
                        "total_other_expenses": 217421,
                        "operating_profit": 67579,
                        "other_income": 140310,
                        "depreciation": 2488,
                        "profit_before_interest_and_tax": 205401,
                        "interest": 0,
                        "profit_before_tax_and_exceptional_items_before_tax": 205401,
                        "exceptional_items_before_tax": 0,
                        "profit_before_tax": 205401,
                        "income_tax": 708,
                        "profit_for_period_from_continuing_operations": 204693,
                        "profit_from_discontinuing_operation_after_tax": 0,
                        "minority_interest_and_profit_from_associates_and_joint_ventures": null,
                        "profit_after_tax": 204693
                    },
                    "subTotals": {
                        "total_operating_cost": 217421
                    },
                    "revenue_breakup": {
                        "sale_of_goods_manufactured_domestic": 0,
                        "sale_of_goods_traded_domestic": 0,
                        "sale_or_supply_of_services_domestic": 285000,
                        "sale_of_goods_manufactured_export": 0,
                        "sale_of_goods_traded_export": 0,
                        "sale_or_supply_of_services_export": 0
                    },
                    "depreciation_breakup": {
                        "depreciation_and_amortization": 2488
                    },
                    "metadata": {
                        "docId": null
                    }
                },
                "auditor": {
                    "auditor_name": "CHIRANJEEVI KRISHNA REDDY",
                    "auditor_firm_name": "J C N & ASSOCIATES",
                    "pan": "werwe",
                    "membership_number": "232391",
                    "firm_registration_number": "014674S",
                    "address": "Lucky Paradise, 8th F Main, 22nd Cross, Jayanagar 3rd Block, Bengaluru, KA IN 560011"
                },
                "auditor_comments": {
                    "report_has_adverse_remarks": false,
                    "disclosures_auditor_report": [],
                    "disclosures_director_report": []
                },
                "auditor_additional": null
            },
            {
                "year": "2018-03-31",
                "nature": "STANDALONE",
                "stated_on": "2019-03-31",
                "filing_type": "E_FORM",
                "filing_standard": "Schedule III",
                "bs": {
                    "assets": {
                        "tangible_assets": 8582,
                        "producing_properties": null,
                        "intangible_assets": 2252190,
                        "preproducing_properties": null,
                        "tangible_assets_capital_work_in_progress": 0,
                        "intangible_assets_under_development": 0,
                        "noncurrent_investments": 0,
                        "deferred_tax_assets_net": 1048,
                        "foreign_curr_monetary_item_trans_diff_asset_account": null,
                        "long_term_loans_and_advances": 1000,
                        "other_noncurrent_assets": 509342,
                        "current_investments": 0,
                        "inventories": 0,
                        "trade_receivables": 0,
                        "cash_and_bank_balances": 51841,
                        "short_term_loans_and_advances": 75784,
                        "other_current_assets": 0,
                        "given_assets_total": 2899787
                    },
                    "liabilities": {
                        "share_capital": 1169760,
                        "reserves_and_surplus": -1653894,
                        "money_received_against_share_warrants": 0,
                        "share_application_money_pending_allotment": 0,
                        "deferred_government_grants": null,
                        "minority_interest": null,
                        "long_term_borrowings": 0,
                        "deferred_tax_liabilities_net": 0,
                        "foreign_curr_monetary_item_trans_diff_liability_account": null,
                        "other_long_term_liabilities": 0,
                        "long_term_provisions": 0,
                        "short_term_borrowings": 2619514,
                        "trade_payables": 396267,
                        "other_current_liabilities": 368140,
                        "short_term_provisions": 0,
                        "given_liabilities_total": 2899787
                    },
                    "subTotals": {
                        "total_equity": -484134,
                        "total_non_current_liabilities": 0,
                        "total_current_liabilities": 3383921,
                        "net_fixed_assets": 2260772,
                        "total_current_assets": 127625,
                        "capital_wip": 0,
                        "total_debt": 2619514,
                        "total_other_non_current_assets": 511390
                    },
                    "metadata": {
                        "doc_id": null
                    },
                    "notes": {
                        "gross_fixed_assets": 2374067,
                        "trade_receivable_exceeding_six_months": 0
                    }
                },
                "pnl": {
                    "lineItems": {
                        "net_revenue": 25000,
                        "total_cost_of_materials_consumed": 0,
                        "total_purchases_of_stock_in_trade": 0,
                        "total_changes_in_inventories_or_finished_goods": 0,
                        "total_employee_benefit_expense": 0,
                        "total_other_expenses": 117112,
                        "operating_profit": -92112,
                        "other_income": 7130,
                        "depreciation": 13060,
                        "profit_before_interest_and_tax": -98042,
                        "interest": 0,
                        "profit_before_tax_and_exceptional_items_before_tax": -98042,
                        "exceptional_items_before_tax": 0,
                        "profit_before_tax": -98042,
                        "income_tax": -1573,
                        "profit_for_period_from_continuing_operations": -96469,
                        "profit_from_discontinuing_operation_after_tax": 0,
                        "minority_interest_and_profit_from_associates_and_joint_ventures": null,
                        "profit_after_tax": -96469
                    },
                    "subTotals": {
                        "total_operating_cost": 117112
                    },
                    "revenue_breakup": {
                        "sale_of_goods_manufactured_domestic": 0,
                        "sale_of_goods_traded_domestic": 0,
                        "sale_or_supply_of_services_domestic": 25000,
                        "sale_of_goods_manufactured_export": 0,
                        "sale_of_goods_traded_export": 0,
                        "sale_or_supply_of_services_export": 0
                    },
                    "depreciation_breakup": {
                        "depreciation_and_amortization": 13060
                    },
                    "metadata": {
                        "docId": null
                    }
                },
                "auditor": {
                    "auditor_name": "CHIRANJEEVI KRISHNA REDDY",
                    "auditor_firm_name": "J C N & ASSOCIATES",
                    "pan": "AAKFJ2775R",
                    "membership_number": "232391",
                    "firm_registration_number": "014674S",
                    "address": "Lucky Paradise, 8th F Main, 22nd Cross, Jayanagar 3rd Block, Bengaluru, KA IN 560011"
                },
                "auditor_comments": {
                    "report_has_adverse_remarks": false,
                    "disclosures_auditor_report": [],
                    "disclosures_director_report": []
                },
                "auditor_additional": null
            },
            {
                "year": "2017-03-31",
                "nature": "STANDALONE",
                "stated_on": "2018-03-31",
                "filing_type": "E_FORM",
                "filing_standard": "Schedule III",
                "bs": {
                    "assets": {
                        "tangible_assets": 21642,
                        "producing_properties": null,
                        "intangible_assets": 2252190,
                        "preproducing_properties": null,
                        "tangible_assets_capital_work_in_progress": 0,
                        "intangible_assets_under_development": 0,
                        "noncurrent_investments": 0,
                        "deferred_tax_assets_net": 0,
                        "foreign_curr_monetary_item_trans_diff_asset_account": null,
                        "long_term_loans_and_advances": 55337,
                        "other_noncurrent_assets": 522821,
                        "current_investments": 0,
                        "inventories": 0,
                        "trade_receivables": 0,
                        "cash_and_bank_balances": 51138,
                        "short_term_loans_and_advances": 75784,
                        "other_current_assets": 0,
                        "given_assets_total": 2978912
                    },
                    "liabilities": {
                        "share_capital": 1169760,
                        "reserves_and_surplus": -1557425,
                        "money_received_against_share_warrants": 0,
                        "share_application_money_pending_allotment": 0,
                        "deferred_government_grants": null,
                        "minority_interest": null,
                        "long_term_borrowings": 0,
                        "deferred_tax_liabilities_net": 525,
                        "foreign_curr_monetary_item_trans_diff_liability_account": null,
                        "other_long_term_liabilities": 0,
                        "long_term_provisions": 0,
                        "short_term_borrowings": 2614515,
                        "trade_payables": 403397,
                        "other_current_liabilities": 348140,
                        "short_term_provisions": 0,
                        "given_liabilities_total": 2978912
                    },
                    "subTotals": {
                        "total_equity": -387665,
                        "total_non_current_liabilities": 525,
                        "total_current_liabilities": 3366052,
                        "net_fixed_assets": 2273832,
                        "total_current_assets": 126922,
                        "capital_wip": 0,
                        "total_debt": 2614515,
                        "total_other_non_current_assets": 578158
                    },
                    "metadata": {
                        "doc_id": null
                    },
                    "notes": {
                        "gross_fixed_assets": 2374067,
                        "trade_receivable_exceeding_six_months": 0
                    }
                },
                "pnl": {
                    "lineItems": {
                        "net_revenue": 77900,
                        "total_cost_of_materials_consumed": 0,
                        "total_purchases_of_stock_in_trade": 52510,
                        "total_changes_in_inventories_or_finished_goods": 0,
                        "total_employee_benefit_expense": 4000,
                        "total_other_expenses": 98637,
                        "operating_profit": -77247,
                        "other_income": 66,
                        "depreciation": 37104,
                        "profit_before_interest_and_tax": -114285,
                        "interest": 0,
                        "profit_before_tax_and_exceptional_items_before_tax": -114285,
                        "exceptional_items_before_tax": 0,
                        "profit_before_tax": -114285,
                        "income_tax": -2222,
                        "profit_for_period_from_continuing_operations": -112063,
                        "profit_from_discontinuing_operation_after_tax": 0,
                        "minority_interest_and_profit_from_associates_and_joint_ventures": null,
                        "profit_after_tax": -112063
                    },
                    "subTotals": {
                        "total_operating_cost": 155147
                    },
                    "revenue_breakup": {
                        "sale_of_goods_manufactured_domestic": 0,
                        "sale_of_goods_traded_domestic": 67900,
                        "sale_or_supply_of_services_domestic": 10000,
                        "sale_of_goods_manufactured_export": 0,
                        "sale_of_goods_traded_export": 0,
                        "sale_or_supply_of_services_export": 0
                    },
                    "depreciation_breakup": {
                        "depreciation_and_amortization": 37104
                    },
                    "metadata": {
                        "docId": null
                    }
                },
                "auditor": {
                    "auditor_name": "CHIRANJEEVI KRISHNA REDDY",
                    "auditor_firm_name": "J C N & ASSOCIATES",
                    "pan": "werwe",
                    "membership_number": "232391",
                    "firm_registration_number": "014674S",
                    "address": "Lucky Paradise, 8th F Main, 22nd Cross, Jayanagar 3rd Block, Bengaluru, KA IN 560011"
                },
                "auditor_comments": {
                    "report_has_adverse_remarks": false,
                    "disclosures_auditor_report": [],
                    "disclosures_director_report": []
                },
                "auditor_additional": null
            },
            {
                "year": "2016-03-31",
                "nature": "STANDALONE",
                "stated_on": "2017-03-31",
                "filing_type": "E_FORM",
                "filing_standard": "Schedule III",
                "bs": {
                    "assets": {
                        "tangible_assets": 58746,
                        "producing_properties": null,
                        "intangible_assets": 0,
                        "preproducing_properties": null,
                        "tangible_assets_capital_work_in_progress": 0,
                        "intangible_assets_under_development": 2252190,
                        "noncurrent_investments": 0,
                        "deferred_tax_assets_net": 0,
                        "foreign_curr_monetary_item_trans_diff_asset_account": null,
                        "long_term_loans_and_advances": 55337,
                        "other_noncurrent_assets": 531800,
                        "current_investments": 0,
                        "inventories": 0,
                        "trade_receivables": 0,
                        "cash_and_bank_balances": 195552,
                        "short_term_loans_and_advances": 75784,
                        "other_current_assets": 0,
                        "given_assets_total": 3169409
                    },
                    "liabilities": {
                        "share_capital": 1169760,
                        "reserves_and_surplus": -1445362,
                        "money_received_against_share_warrants": 0,
                        "share_application_money_pending_allotment": 0,
                        "deferred_government_grants": null,
                        "minority_interest": null,
                        "long_term_borrowings": 0,
                        "deferred_tax_liabilities_net": 2747,
                        "foreign_curr_monetary_item_trans_diff_liability_account": null,
                        "other_long_term_liabilities": 0,
                        "long_term_provisions": 0,
                        "short_term_borrowings": 2606589,
                        "trade_payables": 479397,
                        "other_current_liabilities": 356278,
                        "short_term_provisions": 0,
                        "given_liabilities_total": 3169409
                    },
                    "subTotals": {
                        "total_equity": -275602,
                        "total_non_current_liabilities": 2747,
                        "total_current_liabilities": 3442264,
                        "net_fixed_assets": 58746,
                        "total_current_assets": 271336,
                        "capital_wip": 2252190,
                        "total_debt": 2606589,
                        "total_other_non_current_assets": 587137
                    },
                    "metadata": {
                        "doc_id": null
                    },
                    "notes": {
                        "gross_fixed_assets": 2374067,
                        "trade_receivable_exceeding_six_months": 0
                    }
                },
                "pnl": {
                    "lineItems": {
                        "net_revenue": 206003,
                        "total_cost_of_materials_consumed": 0,
                        "total_purchases_of_stock_in_trade": 216685,
                        "total_changes_in_inventories_or_finished_goods": 0,
                        "total_employee_benefit_expense": 1965614,
                        "total_other_expenses": 2541130,
                        "operating_profit": -4517426,
                        "other_income": 4145,
                        "depreciation": 50951,
                        "profit_before_interest_and_tax": -4564232,
                        "interest": 0,
                        "profit_before_tax_and_exceptional_items_before_tax": -4564232,
                        "exceptional_items_before_tax": 0,
                        "profit_before_tax": -4564232,
                        "income_tax": 1258,
                        "profit_for_period_from_continuing_operations": -4565490,
                        "profit_from_discontinuing_operation_after_tax": 0,
                        "minority_interest_and_profit_from_associates_and_joint_ventures": null,
                        "profit_after_tax": -4565490
                    },
                    "subTotals": {
                        "total_operating_cost": 4723429
                    },
                    "revenue_breakup": {
                        "sale_of_goods_manufactured_domestic": 206003,
                        "sale_of_goods_traded_domestic": 0,
                        "sale_or_supply_of_services_domestic": 0,
                        "sale_of_goods_manufactured_export": 0,
                        "sale_of_goods_traded_export": 0,
                        "sale_or_supply_of_services_export": 0
                    },
                    "depreciation_breakup": {
                        "depreciation_and_amortization": 50951
                    },
                    "metadata": {
                        "docId": null
                    }
                },
                "auditor": {
                    "auditor_name": "PARAMASHIVAIAH M C",
                    "auditor_firm_name": "GANESH & VENKAT",
                    "pan": "werwe",
                    "membership_number": "027179",
                    "firm_registration_number": "000867S",
                    "address": "A-403, Garadi Apartments, K.R. Road, Bengaluru, KA IN 560004"
                },
                "auditor_comments": {
                    "report_has_adverse_remarks": false,
                    "disclosures_auditor_report": [],
                    "disclosures_director_report": []
                },
                "auditor_additional": null
            },
            {
                "year": "2015-03-31",
                "nature": "STANDALONE",
                "stated_on": "2016-03-31",
                "filing_type": "E_FORM",
                "filing_standard": "Schedule III",
                "bs": {
                    "assets": {
                        "tangible_assets": 44486,
                        "producing_properties": null,
                        "intangible_assets": 0,
                        "preproducing_properties": null,
                        "tangible_assets_capital_work_in_progress": 0,
                        "intangible_assets_under_development": 2252190,
                        "noncurrent_investments": 0,
                        "deferred_tax_assets_net": 0,
                        "foreign_curr_monetary_item_trans_diff_asset_account": null,
                        "long_term_loans_and_advances": 30000,
                        "other_noncurrent_assets": 364308,
                        "current_investments": 0,
                        "inventories": 0,
                        "trade_receivables": 0,
                        "cash_and_bank_balances": 51049,
                        "short_term_loans_and_advances": 33792,
                        "other_current_assets": 0,
                        "given_assets_total": 2775825
                    },
                    "liabilities": {
                        "share_capital": 1011430,
                        "reserves_and_surplus": -1471542,
                        "money_received_against_share_warrants": 0,
                        "share_application_money_pending_allotment": 0,
                        "deferred_government_grants": null,
                        "minority_interest": null,
                        "long_term_borrowings": 0,
                        "deferred_tax_liabilities_net": 1489,
                        "foreign_curr_monetary_item_trans_diff_liability_account": null,
                        "other_long_term_liabilities": 0,
                        "long_term_provisions": 0,
                        "short_term_borrowings": 2406275,
                        "trade_payables": 529369,
                        "other_current_liabilities": 298804,
                        "short_term_provisions": 0,
                        "given_liabilities_total": 2775825
                    },
                    "subTotals": {
                        "total_equity": -460112,
                        "total_non_current_liabilities": 1489,
                        "total_current_liabilities": 3234448,
                        "net_fixed_assets": 44486,
                        "total_current_assets": 84841,
                        "capital_wip": 2252190,
                        "total_debt": 2406275,
                        "total_other_non_current_assets": 394308
                    },
                    "metadata": {
                        "doc_id": null
                    },
                    "notes": {
                        "gross_fixed_assets": 56666,
                        "trade_receivable_exceeding_six_months": 0
                    }
                },
                "pnl": {
                    "lineItems": {
                        "net_revenue": 7521,
                        "total_cost_of_materials_consumed": 0,
                        "total_purchases_of_stock_in_trade": 0,
                        "total_changes_in_inventories_or_finished_goods": 0,
                        "total_employee_benefit_expense": 826410,
                        "total_other_expenses": 1598984,
                        "operating_profit": -2417873,
                        "other_income": 0,
                        "depreciation": 12180,
                        "profit_before_interest_and_tax": -2430053,
                        "interest": 0,
                        "profit_before_tax_and_exceptional_items_before_tax": -2430053,
                        "exceptional_items_before_tax": 0,
                        "profit_before_tax": -2430053,
                        "income_tax": 1489,
                        "profit_for_period_from_continuing_operations": -2431542,
                        "profit_from_discontinuing_operation_after_tax": 0,
                        "minority_interest_and_profit_from_associates_and_joint_ventures": null,
                        "profit_after_tax": -2431542
                    },
                    "subTotals": {
                        "total_operating_cost": 2425394
                    },
                    "revenue_breakup": {
                        "sale_of_goods_manufactured_domestic": 0,
                        "sale_of_goods_traded_domestic": 0,
                        "sale_or_supply_of_services_domestic": 7521,
                        "sale_of_goods_manufactured_export": 0,
                        "sale_of_goods_traded_export": 0,
                        "sale_or_supply_of_services_export": 0
                    },
                    "depreciation_breakup": {
                        "depreciation_and_amortization": 12180
                    },
                    "metadata": {
                        "docId": null
                    }
                },
                "auditor": {
                    "auditor_name": "PARAMASHIVAIAH M C",
                    "auditor_firm_name": "GANESH & VENKAT",
                    "pan": "werwe",
                    "membership_number": "027179",
                    "firm_registration_number": "000867S",
                    "address": "A-403, Garadi Apartments, K.R. Road, Bangalore KA IN 560004"
                },
                "auditor_comments": {
                    "report_has_adverse_remarks": false,
                    "disclosures_auditor_report": [],
                    "disclosures_director_report": []
                },
                "auditor_additional": null
            }
        ],
        "nbfc_financials": [],
        "financial_parameters": [
            {
                "year": "2022",
                "nature": "STANDALONE",
                "earning_fc": 2619270,
                "expenditure_fc": 128190,
                "transaction_related_parties_as_18": 1155960,
                "employee_benefit_expense": 530470,
                "gross_fixed_assets": 2463250,
                "trade_receivable_exceeding_six_months": 0,
                "proposed_dividend": "No"
            },
            {
                "year": "2021",
                "nature": "STANDALONE",
                "earning_fc": 0,
                "expenditure_fc": 0,
                "transaction_related_parties_as_18": 0,
                "employee_benefit_expense": 466442,
                "gross_fixed_assets": 1807846,
                "trade_receivable_exceeding_six_months": 3600,
                "proposed_dividend": "No"
            },
            {
                "year": "2020",
                "nature": "STANDALONE",
                "earning_fc": 0,
                "expenditure_fc": 0,
                "transaction_related_parties_as_18": 374135,
                "employee_benefit_expense": 0,
                "gross_fixed_assets": 2374067,
                "trade_receivable_exceeding_six_months": 0,
                "proposed_dividend": "No"
            },
            {
                "year": "2019",
                "nature": "STANDALONE",
                "earning_fc": 0,
                "expenditure_fc": 0,
                "transaction_related_parties_as_18": 0,
                "employee_benefit_expense": 0,
                "gross_fixed_assets": 2374067,
                "trade_receivable_exceeding_six_months": 0,
                "proposed_dividend": "No"
            },
            {
                "year": "2018",
                "nature": "STANDALONE",
                "earning_fc": 0,
                "expenditure_fc": 0,
                "transaction_related_parties_as_18": 0,
                "employee_benefit_expense": 0,
                "gross_fixed_assets": 2374067,
                "trade_receivable_exceeding_six_months": 0,
                "proposed_dividend": "No"
            },
            {
                "year": "2017",
                "nature": "STANDALONE",
                "earning_fc": 0,
                "expenditure_fc": 0,
                "transaction_related_parties_as_18": 0,
                "employee_benefit_expense": 4000,
                "gross_fixed_assets": 2374067,
                "trade_receivable_exceeding_six_months": 0,
                "proposed_dividend": "No"
            },
            {
                "year": "2016",
                "nature": "STANDALONE",
                "earning_fc": 0,
                "expenditure_fc": 0,
                "transaction_related_parties_as_18": 55400,
                "employee_benefit_expense": 1965614,
                "gross_fixed_assets": 2374067,
                "trade_receivable_exceeding_six_months": 0,
                "proposed_dividend": "No"
            },
            {
                "year": "2015",
                "nature": "STANDALONE",
                "earning_fc": 0,
                "expenditure_fc": 0,
                "transaction_related_parties_as_18": 0,
                "employee_benefit_expense": 826410,
                "gross_fixed_assets": 56666,
                "trade_receivable_exceeding_six_months": 0,
                "proposed_dividend": "No"
            }
        ],
        "industry_segments": [
            {
                "industry": "Information Technology",
                "segments": [
                    "IT Consulting and Other Services"
                ]
            }
        ],
        "principal_business_activities": [
            {
                "year": "2021",
                "main_activity_group_code": "G",
                "main_activity_group_description": "Trade",
                "business_activity_code": "G1",
                "business_activity_description": "Wholesale Trading",
                "percentage_of_turnover": 100
            }
        ],
        "shareholdings": [
            {
                "shareholders": "promoter",
                "year": "2021",
                "financial_year": "2021-03-31",
                "category": "equity",
                "indian_held_no_of_shares": 117976,
                "indian_held_percentage_of_shares": 100,
                "nri_held_no_of_shares": 0,
                "nri_held_percentage_of_shares": 0,
                "foreign_held_other_than_nri_no_of_shares": 0,
                "foreign_held_other_than_nri_percentage_of_shares": 0,
                "central_government_held_no_of_shares": 0,
                "central_government_held_percentage_of_shares": 0,
                "state_government_held_no_of_shares": 0,
                "state_government_held_percentage_of_shares": 0,
                "government_company_held_no_shares": 0,
                "government_company_held_percentage_of_shares": 0,
                "insurance_company_held_no_of_shares": 0,
                "insurance_company_held_percentage_of_shares": 0,
                "bank_held_no_of_shares": 0,
                "bank_held_percentage_of_shares": 0,
                "financial_institutions_held_no_of_shares": 0,
                "financial_institutions_held_percentage_of_shares": 0,
                "financial_institutions_investors_held_no_of_shares": 0,
                "financial_institutions_investors_held_percentage_of_shares": 0,
                "mutual_funds_held_no_of_shares": 0,
                "mutual_funds_held_percentage_of_shares": 0,
                "venture_capital_held_no_of_shares": 0,
                "venture_capital_held_percentage_of_shares": 0,
                "body_corporate_held_no_of_shares": 0,
                "body_corporate_held_percentage_of_shares": 0,
                "others_held_no_of_shares": 0,
                "others_held_percentage_of_shares": 0,
                "total_no_of_shares": 117976,
                "total_percentage_of_shares": 100
            },
            {
                "shareholders": "promoter",
                "year": "2021",
                "financial_year": "2021-03-31",
                "category": "preference",
                "indian_held_no_of_shares": 0,
                "indian_held_percentage_of_shares": null,
                "nri_held_no_of_shares": 0,
                "nri_held_percentage_of_shares": null,
                "foreign_held_other_than_nri_no_of_shares": 0,
                "foreign_held_other_than_nri_percentage_of_shares": null,
                "central_government_held_no_of_shares": 0,
                "central_government_held_percentage_of_shares": null,
                "state_government_held_no_of_shares": 0,
                "state_government_held_percentage_of_shares": null,
                "government_company_held_no_shares": 0,
                "government_company_held_percentage_of_shares": null,
                "insurance_company_held_no_of_shares": 0,
                "insurance_company_held_percentage_of_shares": null,
                "bank_held_no_of_shares": 0,
                "bank_held_percentage_of_shares": null,
                "financial_institutions_held_no_of_shares": 0,
                "financial_institutions_held_percentage_of_shares": null,
                "financial_institutions_investors_held_no_of_shares": 0,
                "financial_institutions_investors_held_percentage_of_shares": null,
                "mutual_funds_held_no_of_shares": 0,
                "mutual_funds_held_percentage_of_shares": null,
                "venture_capital_held_no_of_shares": 0,
                "venture_capital_held_percentage_of_shares": null,
                "body_corporate_held_no_of_shares": 0,
                "body_corporate_held_percentage_of_shares": null,
                "others_held_no_of_shares": 0,
                "others_held_percentage_of_shares": null,
                "total_no_of_shares": 0,
                "total_percentage_of_shares": 0
            },
            {
                "shareholders": "public",
                "year": "2021",
                "financial_year": "2021-03-31",
                "category": "equity",
                "indian_held_no_of_shares": 0,
                "indian_held_percentage_of_shares": 0,
                "nri_held_no_of_shares": 0,
                "nri_held_percentage_of_shares": 0,
                "foreign_held_other_than_nri_no_of_shares": 0,
                "foreign_held_other_than_nri_percentage_of_shares": 0,
                "central_government_held_no_of_shares": 0,
                "central_government_held_percentage_of_shares": 0,
                "state_government_held_no_of_shares": 0,
                "state_government_held_percentage_of_shares": 0,
                "government_company_held_no_shares": 0,
                "government_company_held_percentage_of_shares": 0,
                "insurance_company_held_no_of_shares": 0,
                "insurance_company_held_percentage_of_shares": 0,
                "bank_held_no_of_shares": 0,
                "bank_held_percentage_of_shares": 0,
                "financial_institutions_held_no_of_shares": 0,
                "financial_institutions_held_percentage_of_shares": 0,
                "financial_institutions_investors_held_no_of_shares": 0,
                "financial_institutions_investors_held_percentage_of_shares": 0,
                "mutual_funds_held_no_of_shares": 0,
                "mutual_funds_held_percentage_of_shares": 0,
                "venture_capital_held_no_of_shares": 0,
                "venture_capital_held_percentage_of_shares": 0,
                "body_corporate_held_no_of_shares": 0,
                "body_corporate_held_percentage_of_shares": 0,
                "others_held_no_of_shares": 0,
                "others_held_percentage_of_shares": 0,
                "total_no_of_shares": 0,
                "total_percentage_of_shares": 0
            },
            {
                "shareholders": "public",
                "year": "2021",
                "financial_year": "2021-03-31",
                "category": "preference",
                "indian_held_no_of_shares": 0,
                "indian_held_percentage_of_shares": 0,
                "nri_held_no_of_shares": 0,
                "nri_held_percentage_of_shares": 0,
                "foreign_held_other_than_nri_no_of_shares": 0,
                "foreign_held_other_than_nri_percentage_of_shares": 0,
                "central_government_held_no_of_shares": 0,
                "central_government_held_percentage_of_shares": 0,
                "state_government_held_no_of_shares": 0,
                "state_government_held_percentage_of_shares": 0,
                "government_company_held_no_shares": 0,
                "government_company_held_percentage_of_shares": 0,
                "insurance_company_held_no_of_shares": 0,
                "insurance_company_held_percentage_of_shares": 0,
                "bank_held_no_of_shares": 0,
                "bank_held_percentage_of_shares": 0,
                "financial_institutions_held_no_of_shares": 0,
                "financial_institutions_held_percentage_of_shares": 0,
                "financial_institutions_investors_held_no_of_shares": 0,
                "financial_institutions_investors_held_percentage_of_shares": null,
                "mutual_funds_held_no_of_shares": 0,
                "mutual_funds_held_percentage_of_shares": null,
                "venture_capital_held_no_of_shares": 0,
                "venture_capital_held_percentage_of_shares": null,
                "body_corporate_held_no_of_shares": 0,
                "body_corporate_held_percentage_of_shares": null,
                "others_held_no_of_shares": 0,
                "others_held_percentage_of_shares": null,
                "total_no_of_shares": 0,
                "total_percentage_of_shares": 0
            }
        ],
        "shareholdings_summary": [
            {
                "year": "2021",
                "financial_year": "2021-03-31",
                "total_equity_shares": 117976,
                "total_preference_shares": 0,
                "promoter": 2,
                "public": null,
                "total": 2,
                "metadata": {
                    "doc_id": "25/U72200KA2014PTC076178/mca/AnnualReturnsEform/5997605727fcf62d111cca003f026b9ev1.pdf"
                }
            }
        ],
        "director_shareholdings": [
            {
                "year": "2021",
                "financial_year": "2021-03-31",
                "din_pan": "00669716",
                "full_name": "DHEEPAK RAJOO",
                "designation": "Director",
                "date_of_cessation": null,
                "no_of_shares": 0,
                "percentage_holding": 0
            },
            {
                "year": "2021",
                "financial_year": "2021-03-31",
                "din_pan": "werwe",
                "full_name": "PETERSANTHOSHKUMAR",
                "designation": "Director",
                "date_of_cessation": "2019-01-04",
                "no_of_shares": 19429,
                "percentage_holding": 16.47
            },
            {
                "year": "2021",
                "financial_year": "2021-03-31",
                "din_pan": "werwe",
                "full_name": "XX THANIKACHALAM",
                "designation": "Director",
                "date_of_cessation": null,
                "no_of_shares": 77714,
                "percentage_holding": 65.87
            }
        ],
        "bifr_history": [],
        "cdr_history": [],
        "defaulter_list": [],
        "legal_history": [],
        "credit_ratings": [],
        "holding_entities": null,
        "subsidiary_entities": null,
        "associate_entities": null,
        "joint_ventures": null,
        "securities_allotment": [
            {
                "allotment_type": "Cash",
                "allotment_date": "2020-12-01",
                "instrument": "Equity Shares Without Differential Rights",
                "total_amount_raised": 300000,
                "number_of_securities_allotted": 1000,
                "nominal_amount_per_security": 10,
                "premium_amount_per_security": 290
            },
            {
                "allotment_type": "Cash",
                "allotment_date": "2015-08-01",
                "instrument": "Equity Shares Without Differential Rights",
                "total_amount_raised": 2499900,
                "number_of_securities_allotted": 8333,
                "nominal_amount_per_security": 10,
                "premium_amount_per_security": 290
            },
            {
                "allotment_type": "Cash",
                "allotment_date": "2015-06-01",
                "instrument": "Equity Shares Without Differential Rights",
                "total_amount_raised": 1500000,
                "number_of_securities_allotted": 5000,
                "nominal_amount_per_security": 10,
                "premium_amount_per_security": 290
            },
            {
                "allotment_type": "Cash",
                "allotment_date": "2015-03-30",
                "instrument": "Equity Shares Without Differential Rights",
                "total_amount_raised": 1000000,
                "number_of_securities_allotted": 4000,
                "nominal_amount_per_security": 10,
                "premium_amount_per_security": 240
            },
            {
                "allotment_type": "Cash",
                "allotment_date": "2015-01-26",
                "instrument": "Equity Shares Without Differential Rights",
                "total_amount_raised": 871430,
                "number_of_securities_allotted": 87143,
                "nominal_amount_per_security": 10,
                "premium_amount_per_security": 0
            }
        ],
        "peer_comparison": [
            {
                "bizIndustry": "Information Technology",
                "bizSegment": "IT Consulting and Other Services",
                "refYear": "2022",
                "peers": [
                    {
                        "cin": "ss",
                        "legalName": "ECONSIGN SOFT PRIVATE LIMITED",
                        "city": "PUNE",
                        "revenue": 6730246
                    },
                    {
                        "cin": "xx",
                        "legalName": "NORTHERN SOFTECH SOLUTIONS PRIVATE LIMITED",
                        "city": "CHANDIGARH",
                        "revenue": 6730000
                    },
                    {
                        "cin": "ee",
                        "legalName": "XX PRIVATE LIMITED",
                        "city": "Bengaluru",
                        "revenue": 6717840
                    },
                    {
                        "cin": "xx",
                        "legalName": "ISAP SOLUTIONS PRIVATE LIMITED",
                        "city": "BENGALURU URBAN",
                        "revenue": 6717000
                    },
                    {
                        "cin": "sdf",
                        "legalName": "XERGY BUSINESS EXCELLENCE PRIVATE LIMITED",
                        "city": "BENGALURU",
                        "revenue": 6709952
                    }
                ],
                "benchMarks": [
                    {
                        "year": "2022",
                        "no_of_peers_in_sample": 30,
                        "revenue": 0.671784,
                        "revenue_growth": 60.92,
                        "net_margin": 1.36,
                        "ebitda_margin": 8.93,
                        "return_on_equity": null,
                        "sales_by_net_fixed_assets": 4.72,
                        "inventory_holding_period": 0,
                        "debtor_days_outstanding": 28.1,
                        "trade_payable_days": 13.34,
                        "cash_conversion_cycle": 14.760000000000002,
                        "debt_by_equity": null,
                        "median_revenue": 0.672392,
                        "median_revenue_growth": 19.71,
                        "median_net_margin": 1.745,
                        "median_ebitda_margin": 4.09,
                        "median_return_on_equity": 13.04,
                        "median_sales_by_net_fixed_assets": 17.950000000000003,
                        "median_inventory_holding_period": 0,
                        "median_debtor_days_outstanding": 26.78,
                        "median_trade_payable_days": 1.28,
                        "median_cash_conversion_cycle": 14.745000000000001,
                        "median_debt_by_equity": 0
                    },
                    {
                        "year": "2021",
                        "no_of_peers_in_sample": 26,
                        "revenue": 0.417472,
                        "revenue_growth": 619.73,
                        "net_margin": -8.5,
                        "ebitda_margin": 1.96,
                        "return_on_equity": null,
                        "sales_by_net_fixed_assets": 2.31,
                        "inventory_holding_period": 0,
                        "debtor_days_outstanding": 0.69,
                        "trade_payable_days": 22.2,
                        "cash_conversion_cycle": -21.509999999999998,
                        "debt_by_equity": null,
                        "median_revenue": 0.5521554,
                        "median_revenue_growth": -7.925,
                        "median_net_margin": 0.425,
                        "median_ebitda_margin": 0.68,
                        "median_return_on_equity": 11.41,
                        "median_sales_by_net_fixed_assets": 19.45,
                        "median_inventory_holding_period": 0,
                        "median_debtor_days_outstanding": 15.705,
                        "median_trade_payable_days": 3.23,
                        "median_cash_conversion_cycle": 2.385,
                        "median_debt_by_equity": 0
                    },
                    {
                        "year": "2020",
                        "no_of_peers_in_sample": 22,
                        "revenue": 0.0580042,
                        "revenue_growth": 103.52,
                        "net_margin": -7.68,
                        "ebitda_margin": -7.81,
                        "return_on_equity": null,
                        "sales_by_net_fixed_assets": 95.18,
                        "inventory_holding_period": 0,
                        "debtor_days_outstanding": 9.94,
                        "trade_payable_days": 183.39,
                        "cash_conversion_cycle": -173.45,
                        "debt_by_equity": null,
                        "median_revenue": 0.54787515,
                        "median_revenue_growth": 21.125,
                        "median_net_margin": -0.13,
                        "median_ebitda_margin": 0.99,
                        "median_return_on_equity": 7.859999999999999,
                        "median_sales_by_net_fixed_assets": 21.11,
                        "median_inventory_holding_period": 0,
                        "median_debtor_days_outstanding": 15.52,
                        "median_trade_payable_days": 5.915,
                        "median_cash_conversion_cycle": 10.71,
                        "median_debt_by_equity": 1.4649999999999999
                    },
                    {
                        "year": "2019",
                        "no_of_peers_in_sample": 21,
                        "revenue": 0.0285,
                        "revenue_growth": 1040,
                        "net_margin": 71.82,
                        "ebitda_margin": 23.71,
                        "return_on_equity": null,
                        "sales_by_net_fixed_assets": 46.77,
                        "inventory_holding_period": 0,
                        "debtor_days_outstanding": 108.86,
                        "trade_payable_days": 365.72,
                        "cash_conversion_cycle": -256.86,
                        "debt_by_equity": null,
                        "median_revenue": 0.5383095,
                        "median_revenue_growth": 13.705,
                        "median_net_margin": 1.18,
                        "median_ebitda_margin": 4.48,
                        "median_return_on_equity": 16.395,
                        "median_sales_by_net_fixed_assets": 14.8,
                        "median_inventory_holding_period": 0,
                        "median_debtor_days_outstanding": 38.79,
                        "median_trade_payable_days": 0.39,
                        "median_cash_conversion_cycle": 31.769999999999996,
                        "median_debt_by_equity": 0.28
                    }
                ]
            }
        ],
        "gst_details": [
            {
                "gstin": "29AAFCG7298G2Z0",
                "status": "Active",
                "company_name": "XX PRIVATE LIMITED",
                "trade_name": "XX PRIVATE LIMITED",
                "state": "Karnataka",
                "state_jurisdiction": "LGSTO 17- Bengaluru",
                "centre_jurisdiction": "RANGE-BSD5",
                "date_of_registration": "2019-07-24",
                "taxpayer_type": "Regular",
                "nature_of_business_activities": "Supplier of Services",
                "filings": [
                    {
                        "return_type": "GSTR3B",
                        "date_of_filing": "2023-01-17",
                        "financial_year": "2022-2023",
                        "tax_period": "December",
                        "status": "Filed"
                    },
                    {
                        "return_type": "GSTR1",
                        "date_of_filing": "2023-01-09",
                        "financial_year": "2022-2023",
                        "tax_period": "December",
                        "status": "Filed"
                    },
                    {
                        "return_type": "GSTR3B",
                        "date_of_filing": "2022-12-20",
                        "financial_year": "2022-2023",
                        "tax_period": "November",
                        "status": "Filed"
                    },
                    {
                        "return_type": "GSTR1",
                        "date_of_filing": "2022-12-07",
                        "financial_year": "2022-2023",
                        "tax_period": "November",
                        "status": "Filed"
                    },
                    {
                        "return_type": "GSTR3B",
                        "date_of_filing": "2022-11-19",
                        "financial_year": "2022-2023",
                        "tax_period": "October",
                        "status": "Filed"
                    },
                    {
                        "return_type": "GSTR1",
                        "date_of_filing": "2022-11-11",
                        "financial_year": "2022-2023",
                        "tax_period": "October",
                        "status": "Filed"
                    },
                    {
                        "return_type": "GSTR3B",
                        "date_of_filing": "2022-10-21",
                        "financial_year": "2022-2023",
                        "tax_period": "September",
                        "status": "Filed"
                    },
                    {
                        "return_type": "GSTR1",
                        "date_of_filing": "2022-10-11",
                        "financial_year": "2022-2023",
                        "tax_period": "September",
                        "status": "Filed"
                    },
                    {
                        "return_type": "GSTR3B",
                        "date_of_filing": "2022-09-16",
                        "financial_year": "2022-2023",
                        "tax_period": "August",
                        "status": "Filed"
                    },
                    {
                        "return_type": "GSTR1",
                        "date_of_filing": "2022-09-05",
                        "financial_year": "2022-2023",
                        "tax_period": "August",
                        "status": "Filed"
                    },
                    {
                        "return_type": "GSTR3B",
                        "date_of_filing": "2022-08-18",
                        "financial_year": "2022-2023",
                        "tax_period": "July",
                        "status": "Filed"
                    },
                    {
                        "return_type": "GSTR1",
                        "date_of_filing": "2022-08-06",
                        "financial_year": "2022-2023",
                        "tax_period": "July",
                        "status": "Filed"
                    },
                    {
                        "return_type": "GSTR3B",
                        "date_of_filing": "2022-07-19",
                        "financial_year": "2022-2023",
                        "tax_period": "June",
                        "status": "Filed"
                    },
                    {
                        "return_type": "GSTR1",
                        "date_of_filing": "2022-07-05",
                        "financial_year": "2022-2023",
                        "tax_period": "June",
                        "status": "Filed"
                    },
                    {
                        "return_type": "GSTR3B",
                        "date_of_filing": "2022-06-20",
                        "financial_year": "2022-2023",
                        "tax_period": "May",
                        "status": "Filed"
                    },
                    {
                        "return_type": "GSTR1",
                        "date_of_filing": "2022-06-08",
                        "financial_year": "2022-2023",
                        "tax_period": "May",
                        "status": "Filed"
                    },
                    {
                        "return_type": "GSTR3B",
                        "date_of_filing": "2022-05-23",
                        "financial_year": "2022-2023",
                        "tax_period": "April",
                        "status": "Filed"
                    },
                    {
                        "return_type": "GSTR1",
                        "date_of_filing": "2022-05-11",
                        "financial_year": "2022-2023",
                        "tax_period": "April",
                        "status": "Filed"
                    },
                    {
                        "return_type": "GSTR3B",
                        "date_of_filing": "2022-04-20",
                        "financial_year": "2021-2022",
                        "tax_period": "March",
                        "status": "Filed"
                    },
                    {
                        "return_type": "GSTR1",
                        "date_of_filing": "2022-04-11",
                        "financial_year": "2021-2022",
                        "tax_period": "March",
                        "status": "Filed"
                    },
                    {
                        "return_type": "GSTR3B",
                        "date_of_filing": "2022-03-19",
                        "financial_year": "2021-2022",
                        "tax_period": "February",
                        "status": "Filed"
                    },
                    {
                        "return_type": "GSTR1",
                        "date_of_filing": "2022-03-10",
                        "financial_year": "2021-2022",
                        "tax_period": "February",
                        "status": "Filed"
                    },
                    {
                        "return_type": "GSTR3B",
                        "date_of_filing": "2022-02-15",
                        "financial_year": "2021-2022",
                        "tax_period": "January",
                        "status": "Filed"
                    },
                    {
                        "return_type": "GSTR1",
                        "date_of_filing": "2022-02-11",
                        "financial_year": "2021-2022",
                        "tax_period": "January",
                        "status": "Filed"
                    },
                    {
                        "return_type": "GSTR3B",
                        "date_of_filing": "2022-01-14",
                        "financial_year": "2021-2022",
                        "tax_period": "December",
                        "status": "Filed"
                    },
                    {
                        "return_type": "GSTR1",
                        "date_of_filing": "2022-01-06",
                        "financial_year": "2021-2022",
                        "tax_period": "December",
                        "status": "Filed"
                    }
                ]
            },
            {
                "gstin": "29AAFCG7298G1Z1",
                "status": "Cancelled",
                "company_name": "XX PRIVATE LIMITED",
                "trade_name": "XX Private Limited",
                "state": "Karnataka",
                "state_jurisdiction": null,
                "centre_jurisdiction": null,
                "date_of_registration": "2017-07-01",
                "taxpayer_type": "Regular",
                "nature_of_business_activities": null,
                "filings": []
            }
        ],
        "struckoff248_details": {
            "struck_off_status": "As per our records, this corporate name was never removed under section 248(5) by ROC",
            "restored_status": null
        }
    }
}